authority_gss,authority_name,scope,email,source_url,confidence,notes,checked_date
E08000003,Manchester City Council,asb,asb.action.team@manchester.gov.uk,https://www.manchester.gov.uk/community-safety-and-asb/student-safety/student-safety-top-tips-and-advice/student-safety-useful-contact-numbers,page,"Anti-Social Behaviour Action Team; page: 'If you are a private tenant experiencing anti-social behaviour call ... or email'",2026-09-26
E08000003,Manchester City Council,all,contact@manchester.gov.uk,https://www.manchester.gov.uk/environmental-problems/light-pollution,page,"GENERIC: Neighbourhood Services contact block on ~25 environmental-problems pages (light pollution, structural vibration, abandoned vehicles, food hygiene); catch-all fallback only",2026-09-26
E08000004,Oldham Council,group:roads,highways@oldham.gov.uk,https://www.oldham.gov.uk/info/201054/roads_streets_and_pavements/2586/road_safety,page,Highways and Engineering Service contact block on roads pages,2026-09-26
E08000004,Oldham Council,overgrown_vegetation,highways@oldham.gov.uk,https://www.oldham.gov.uk/a_to_z/service/195/grass_verges,page,"page: 'Report overgrown grass on verges highways@oldham.gov.uk'",2026-09-26
E08000004,Oldham Council,noise,envhealth@oldham.gov.uk,https://www.oldham.gov.uk/info/200237/pollution/372/noise_nuisance,page,"Environmental Health Team; noise page says 'To report an alarm please email' (other noise needs a diary)",2026-09-26
E08000004,Oldham Council,asb,communitysafetyservices@oldham.gov.uk,https://www.oldham.gov.uk/a_to_z/service/30/anti-social_behaviour,page,"page: 'You can report anti-social behaviour to the Community Safety Team: Email'",2026-09-26
E08000005,Rochdale Borough Council,group:waste,environmental.management@rochdale.gov.uk,https://www.rochdale.gov.uk/contact-us/contact-council,page,"Bins and Environmental Management: 'bins, recycling, fly-tipping and dog fouling'",2026-09-26
E08000005,Rochdale Borough Council,noise,environmental.health@rochdale.gov.uk,https://www.rochdale.gov.uk/contact-us/contact-council,page,"Noise Nuisance and Environmental Health: 'pest control, drain problems, noise nuisance, food safety, dog warden and pollution'",2026-09-26
E08000005,Rochdale Borough Council,asb,community.safety@rochdale.gov.uk,https://www.rochdale.gov.uk/contact-us/contact-council,page,"Community Safety: 'You can report antisocial behaviour online. Email: ...'",2026-09-26
E08000005,Rochdale Borough Council,group:roads,highways@rochdale.gov.uk,https://www.rochdale.gov.uk/contact-us/contact-council,page,"Highways: 'car parks, highway maintenance and traffic management'",2026-09-26
E08000005,Rochdale Borough Council,street_light,street.lighting@rochdale.gov.uk,https://www.rochdale.gov.uk/contact-us/contact-council,page,"Road problems: 'report problems with street lights, pavements, potholes and much more online. Email: street.lighting@'",2026-09-26
E08000005,Rochdale Borough Council,pothole,street.lighting@rochdale.gov.uk,https://www.rochdale.gov.uk/contact-us/contact-council,page,"Road problems line lists street lights, pavements, potholes under this address",2026-09-26
E08000005,Rochdale Borough Council,damaged_pavement,street.lighting@rochdale.gov.uk,https://www.rochdale.gov.uk/contact-us/contact-council,page,"Road problems line lists street lights, pavements, potholes under this address",2026-09-26
E08000005,Rochdale Borough Council,all,council@rochdale.gov.uk,https://www.rochdale.gov.uk/contact-us/contact-council,page,GENERIC: switchboard email; catch-all fallback only,2026-09-26
E08000006,Salford City Council,noise,environmentalprotection@salford.gov.uk,https://www.salford.gov.uk/pests-nuisances-pollution-and-food-hygiene/noise-and-other-nuisances/response-times/,page,Environmental Protection (noise and nuisance team); page offers it for requesting noise diaries,2026-09-26
E08000006,Salford City Council,asb,environmentalprotection@salford.gov.uk,https://www.salford.gov.uk/crime-reduction-and-emergencies/anti-social-behaviour/what-we-can-do-about-it/,page,"ASB 'what we can do' page: 'For more information please email'",2026-09-26
E08000007,Stockport Council,noise,environmental.health@stockport.gov.uk,https://www.stockport.gov.uk/topic/contact-us,page,"Contact page: 'noise complaints, Environmental Health and the dog warden service'",2026-09-26
E08000007,Stockport Council,asb,environmental.health@stockport.gov.uk,https://www.stockport.gov.uk/topic/contact-us,page,"Contact page: 'Contact our crime prevention and safety team Email: environmental.health@'",2026-09-26
E08000007,Stockport Council,dog_fouling,dog.warden@stockport.gov.uk,https://www.stockport.gov.uk/topic/contact-us,page,Dog warden service address listed with Environmental Health on contact page (dog fouling itself has an online form),2026-09-26
E08000008,Tameside Council,all,customer.services@tameside.gov.uk,https://www.tameside.gov.uk/How-to-Contact-Us,page,"GENERIC: 'Emails can be sent to the Customer Services team 24/7'; catch-all fallback only",2026-09-26
E08000009,Trafford Council,asb,safer.communities@trafford.gov.uk,https://www.trafford.gov.uk/health-and-wellbeing/drugs-alcohol-and-gambling/help-drugs,page,"Community Safety Team; page: '...involved in crime or antisocial behaviour... you can report this anonymously to'. Contact page lists it for questions",2026-09-26
E08000009,Trafford Council,noise,environmental.health@trafford.gov.uk,https://www.trafford.gov.uk/environment/environmental-health/food-standards-and-safety/food-hygiene/food-hygiene-ratings,page,Environmental Health general address (published on EH pages; noise pages themselves only offer an online form),2026-09-26
E08000009,Trafford Council,group:roads,traffordhighways@amey.co.uk,https://www.trafford.gov.uk/streets-roads-and-transport/roads-highways-and-pavements/road-closures-regulations-and-permits/temporary-road-closures,page,"CONTRACTOR: One Trafford (Amey) highways team, published by the council for highway/event enquiries",2026-09-26
E08000001,Bolton Council,asb,asbreporting@bolton.gov.uk,https://www.bolton.gov.uk/community-safety-anti-social-behaviour/neighbour-nuisance-anti-social-behaviour/2,page,"page: 'You can also report via email asbreporting@bolton.gov.uk' (incident diary required)",2026-09-26
E08000001,Bolton Council,group:waste,wasteandrecycling@bolton.gov.uk,https://www.bolton.gov.uk/bulkywaste,page,Waste and recycling contact block on bins pages,2026-09-26
E08000001,Bolton Council,street_light,streetcare@bolton.gov.uk,https://www.bolton.gov.uk/LEDlighting,page,Street Care (Ellesmere House depot) contact on street lighting page,2026-09-26
E08000001,Bolton Council,noise,environmental.health@bolton.gov.uk,https://www.bolton.gov.uk/a-to-z/service/2/accident-reporting,page,Environmental Health contact block (general EH address),2026-09-26
E08000001,Bolton Council,group:roads,highways@bolton.gov.uk,https://www.bolton.gov.uk/directory/20/bolton-s-highway-schemes,page,Highways team; published for highway scheme enquiries,2026-09-26
E08000039,Sheffield City Council,group:roads,highways@sheffield.gov.uk,https://www.sheffield.gov.uk/roads-pavements/london-road-broadfield-road-improvements,page,"Highway Network Management; scheme page: 'report them to Highways on ... or through highways@'",2026-09-26
E08000039,Sheffield City Council,overgrown_vegetation,streetsahead@sheffield.gov.uk,https://www.sheffield.gov.uk/roads-pavements/street-trees/managing-street-trees,page,"Streets Ahead (highways PFI); page: 'To report concerns about trees that may be dead, diseased or dying email'",2026-09-26
E08000039,Sheffield City Council,all,customerservices@sheffield.gov.uk,https://www.sheffield.gov.uk/contact-us-using-british-sign-language,page,GENERIC: Customer Services; catch-all fallback only,2026-09-26
E08000021,Newcastle City Council,noise,psr@newcastle.gov.uk,https://newcastle.gov.uk/services/environment-and-waste/environmental-health-and-pollution/noise/noise-nuisance,page,Public Safety and Regulation (Environmental Health) contact on noise pages,2026-09-26
E08000021,Newcastle City Council,overflowing_litter_bin,litterbins@newcastle.gov.uk,https://newcastle.gov.uk/services/environment-and-waste/street-care-and-cleansing/street-litter-bins,page,"page: 'email litterbins@ if you have any concerns, queries or requests regarding litter bins'",2026-09-26
E06000016,Leicester City Council,noise,noiseteam@leicester.gov.uk,https://www.leicester.gov.uk/planning-environment-and-building-control/pollution-and-pests-leicester/report-noise-problem,page,"Report a noise problem page: 'To get in touch with the noise team: email'",2026-09-26
E06000016,Leicester City Council,asb,communitysafety@leicester.gov.uk,https://www.leicester.gov.uk/public-health-and-safety/emergencies-safety-and-crime/request-review-anti-social-behaviour-or-hate-incident,page,"page: 'If anti-social behaviour ... continue, you should report them: to our Community Safety team at'",2026-09-26
E06000016,Leicester City Council,group:roads,highwaysmaint.design@leicester.gov.uk,https://www.leicester.gov.uk/melton-road,page,Highways Maintenance Team; published on a scheme page,2026-09-26
E06000016,Leicester City Council,all,customer.services@leicester.gov.uk,https://www.leicester.gov.uk/bins-waste-and-recycling/bulky-waste-collections,page,GENERIC: Customer Services; catch-all fallback only,2026-09-26
E08000035,Leeds City Council,overflowing_litter_bin,environmental.action@leeds.gov.uk,https://www.leeds.gov.uk/environmental-health/report-a-road-that-needs-cleaning,page,"Environmental Action Service; 'Report a road that needs cleaning ... by emailing'",2026-09-26
E08000035,Leeds City Council,dog_fouling,environmental.action@leeds.gov.uk,https://www.leeds.gov.uk/environmental-health/report-a-road-that-needs-cleaning,page,Same street-cleaning page covers dog mess,2026-09-26
E08000035,Leeds City Council,graffiti,environmental.action@leeds.gov.uk,https://www.leeds.gov.uk/environmental-health/public-toilets,page,"page: 'To report damage or graffiti, please email'",2026-09-26
E08000026,Coventry City Council,noise,env.protection@coventry.gov.uk,https://www.coventry.gov.uk/lightnuisance,page,Environmental Protection (nuisance team) contact block on light/smoke nuisance pages,2026-09-26
E09000008,London Borough of Croydon,noise,pollution@croydon.gov.uk,https://www.croydon.gov.uk/community-and-safety/safety/crime-and-antisocial-behaviour/antisocial-behaviour,page,"page: 'To report noise nuisance please email the pollution team at'",2026-09-26
E09000008,London Borough of Croydon,fly_tipping,environmentalenforcement@croydon.gov.uk,https://www.croydon.gov.uk/rubbish-and-recycling/fly-tipping,page,"page: if you saw fly-tipping and can give a witness statement 'email the location, photos and evidence and your contact details to'",2026-09-26
E09000008,London Borough of Croydon,asb,safercroydon@croydon.gov.uk,https://www.croydon.gov.uk/community-and-safety/safety/crime-and-antisocial-behaviour/crime-prevention,page,Safer Croydon Partnership contact block on crime/ASB pages,2026-09-26
E09000008,London Borough of Croydon,all,contact@croydon.gov.uk,https://www.croydon.gov.uk/community-and-safety/safety/crime-and-antisocial-behaviour/orders-and-injunctions/acceptable-behaviour-agreements-aba,page,GENERIC: shared council contact address (used for ASB/CCTV/enforcement teams); catch-all fallback only,2026-09-26
E09000012,London Borough of Hackney,noise,pollutionsupport@hackney.gov.uk,https://hackney.gov.uk/community-safety-and-environment/pollution-noise-and-environmental-problems/report-problem/report-noise,page,Pollution Control contact block on report-noise page,2026-09-26
E09000012,London Borough of Hackney,group:roads,highway.inspectors@hackney.gov.uk,https://hackney.gov.uk/community-safety-and-environment/community-safety-and-crime-prevention/emergency-planning-and-response/flood-warnings-and-planning,page,"Highways inspectors; page: 'report another non-emergency drainage issue, contact the local authority Highways team ... or email'",2026-09-26
E09000012,London Borough of Hackney,asb,enforcementsupport@hackney.gov.uk,https://hackney.gov.uk/community-safety-and-environment/community-safety-and-crime-prevention/community-safety-and-enforcement,page,"Community Safety, Business Regulation and Enforcement Service contact block",2026-09-26
E09000012,London Borough of Hackney,group:waste,cleaner.environment@hackney.gov.uk,https://hackney.gov.uk/community-safety-and-environment/animals-and-pest-control/animal-welfare,page,"Cleaner Environment (street cleansing) team; page: 'To report a dead animal on a public road, email'",2026-09-26
E09000012,London Borough of Hackney,missed_bin,wasteoperations@hackney.gov.uk,https://hackney.gov.uk/community-safety-and-environment/community-safety-and-crime-prevention/emergency-planning-and-response/flood-warnings-and-planning,page,Waste Operations; published for sandbag collection enquiries,2026-09-26
E09000012,London Borough of Hackney,all,info@hackney.gov.uk,https://hackney.gov.uk/business-and-licensing/food-safety/report-food-fraud,page,GENERIC: shared council inbox (used for Environmental Health/Animal Welfare contact blocks); catch-all fallback only,2026-09-26
E09000019,London Borough of Islington,abandoned_vehicle,contracts.enforcement@islington.gov.uk,https://www.islington.gov.uk/contact-us/christmas-opening-times,page,"Contact page: 'Nuisance or abandoned vehicles ... Email address:'",2026-09-26
E09000022,London Borough of Lambeth,group:roads,t&hcallcentre@lambeth.gov.uk,https://www.lambeth.gov.uk/about-council/contact-us/contact-details/streets,page,Contact details > Streets (Transport & Highways call centre); note '&' in local part,2026-09-26
E09000030,London Borough of Tower Hamlets,noise,environmental.protection@towerhamlets.gov.uk,https://www.towerhamlets.gov.uk/lgnl/environment_and_waste/environmental_health/Noise-control/Noise-control.aspx,page,Environmental Protection contact block on Noise control page (also 'to report ... odour/dust/smoke please email'),2026-09-26
E09000033,City of Westminster,group:roads,askhighways@westminster.gov.uk,https://www.westminster.gov.uk/roads-and-travel/walking-and-cycling/road-safety,page,"'Contact Highways and Public Realm: Please email us at Askhighways@'",2026-09-26
E06000001,Hartlepool Borough Council,group:roads,highways@hartlepool.gov.uk,https://www.hartlepool.gov.uk/roads-highways/local-highways-maintenance-transparency-report/4,page,"Transparency report lists 'Email Highways@hartlepool.gov.uk' among ways to log a pothole",2026-09-26
E06000001,Hartlepool Borough Council,noise,environmental.protection@hartlepool.gov.uk,https://www.hartlepool.gov.uk/public-protection/statutory-nuisance,page,Statutory nuisance page (office-hours contact); covers noise from neighbours,2026-09-26
E06000001,Hartlepool Borough Council,asb,community.safety@hartlepool.gov.uk,https://www.hartlepool.gov.uk/emergencies-community-safety/asb-case-review,page,Community Safety Team contact block (on ASB case review/community trigger pages),2026-09-26
E06000001,Hartlepool Borough Council,group:waste,waste.management@hartlepool.gov.uk,https://www.hartlepool.gov.uk/food-waste,page,Waste management; published for missing food caddy requests,2026-09-26
E06000003,Redcar and Cleveland Borough Council,noise,environmental.protection@redcar-cleveland.gov.uk,https://www.redcar-cleveland.gov.uk/environment/environmental-health,page,"Environmental Protection: 'noise and light pollution, Contaminated Land...'",2026-09-26
E06000003,Redcar and Cleveland Borough Council,all,contactus@redcar-cleveland.gov.uk,https://www.redcar-cleveland.gov.uk/contact-us,page,GENERIC: contact-us page alternative to website; catch-all fallback only,2026-09-26
E06000004,Stockton-on-Tees Borough Council,fly_tipping,civic.enforcement@stockton.gov.uk,https://www.stockton.gov.uk/Litter-street-cleaning-and-fly-tipping,page,"page: 'If you see anyone illegally disposing of waste from their cars, you can report this by emailing'",2026-09-26
E06000004,Stockton-on-Tees Borough Council,asb,civic.enforcement@stockton.gov.uk,https://www.stockton.gov.uk/article/17430/Problem-Durham-Road-house-is-closed-down,page,"Council news article: 'If you have any concerns about anti-social behaviour, you can report it to our Community Safety team by calling ... or emailing'",2026-09-26
E06000024,North Somerset Council,noise,environmentalprotectiongeneralenquiries@n-somerset.gov.uk,https://n-somerset.gov.uk/my-services/nuisances-pollution-environmental-issues/pollution-nuisances/noise-complaints/report-noise-nuisance,page,Environmental Protection contact on report-noise-nuisance page,2026-09-26
E06000014,City of York Council,noise,neo@york.gov.uk,https://www.york.gov.uk/AlarmNoise,page,Neighbourhood Enforcement Team (Community Safety Hub) contact block on noise pages,2026-09-26
E06000014,City of York Council,asb,neo@york.gov.uk,https://www.york.gov.uk/AntisocialBehaviour,page,"ASB page: Neighbourhood Enforcement officers 'can be contacted on telephone ... or email: neo@york.gov.uk'",2026-09-26
E06000014,City of York Council,group:waste,ycc@york.gov.uk,https://www.york.gov.uk/AsbestosCollection,page,Environmental Services contact block on waste pages (ycc@ is also the council's general address),2026-09-26
E06000014,City of York Council,abandoned_vehicle,ycc@york.gov.uk,https://www.york.gov.uk/AbandonedVehicles,page,Environmental Services contact block on abandoned vehicles page,2026-09-26
E06000014,City of York Council,group:roads,highway.regulation@york.gov.uk,https://www.york.gov.uk/BuildingMaterialsOnHighway,page,Highway Regulation Team contact block (obstructions/building materials on highway),2026-09-26
E06000022,Bath and North East Somerset Council,all,council_connect@bathnes.gov.uk,https://www.bathnes.gov.uk/contact-us,page,"GENERIC: Council Connect 'for general enquiries such as help with waste, roads...'; ASB page prints councilconnect@ (no underscore) for urgent ASB enquiries; catch-all fallback only",2026-09-26
E06000031,Peterborough City Council,fly_tipping,environmentalenforcementteam@peterborough.gov.uk,https://www.peterborough.gov.uk/bins-waste-and-recycling/fly-tipping-litter-graffiti-street-cleaning/help-us-catch-fly-tippers,page,"'If you have information in relation to this case, please email' (published for fly-tipping case appeals)",2026-09-26
E06000031,Peterborough City Council,all,ask@peterborough.gov.uk,https://www.peterborough.gov.uk/bins-waste-and-recycling/household-waste/assisted-bin-collection-service,page,GENERIC: council enquiries address; catch-all fallback only,2026-09-26
E06000033,Southend-on-Sea City Council,noise,environmentalhealth@southend.gov.uk,https://www.southend.gov.uk/homepage/389/contact-us,page,Contact page: Environmental Health (with trading standards/licensing),2026-09-26
E06000035,Medway Council,noise,environmental.protection@medway.gov.uk,https://www.medway.gov.uk/info/200176/report_it/392/report_a_problem_with_noise/2,page,Environmental Protection; noise page publishes it for alarm keyholder forms,2026-09-26
E06000035,Medway Council,group:waste,waste.services@medway.gov.uk,https://www.medway.gov.uk/FoodWasteInFlats,page,Waste Services; published for missing food caddy packs,2026-09-26
E06000036,Bracknell Forest Council,asb,community.safety@bracknell-forest.gov.uk,https://www.bracknell-forest.gov.uk/crime-and-emergencies/crime-and-community-safety/antisocial-behaviour,page,Community Safety Service contact block on ASB page,2026-09-26
E06000036,Bracknell Forest Council,all,customer.services@bracknell-forest.gov.uk,https://www.bracknell-forest.gov.uk/council-and-democracy/get-in-touch/contact-us,page,GENERIC: customer services; catch-all fallback only,2026-09-26
E06000039,Slough Borough Council,fly_tipping,resilienceandenforcementteam@slough.gov.uk,https://www.slough.gov.uk/commercial-waste/landlords-commercial-waste-responsibilities,page,"Resilience and Enforcement Team; page: landlords/agents 'can report your tenants who throw away rubbish illegally by email'",2026-09-26
E06000039,Slough Borough Council,group:waste,envservenquiries@slough.gov.uk,https://www.slough.gov.uk/bins-waste-recycling/replace-damaged-stolen-missing-bins,page,Environmental Services enquiries; published for communal bin replacement requests,2026-09-26
E06000038,Reading Borough Council,noise,environment.protectionteam@reading.gov.uk,https://www.reading.gov.uk/nuisance-animals-and-pests/noise-nuisance/,page,"Noise nuisance page: 'submit completed diary sheets to' (Environmental Protection)",2026-09-26
E06000038,Reading Borough Council,asb,asb.team@reading.gov.uk,https://www.reading.gov.uk/crime-and-safety/antisocial-behaviour/,page,ASB Team; page publishes it for Community Trigger applications,2026-09-26
E06000040,Royal Borough of Windsor and Maidenhead,asb,anti.social@rbwm.gov.uk,https://www.rbwm.gov.uk/community-and-living/community-safety-and-crime/anti-social-behaviour-and-community-trigger/anti-social-behaviour,page,"page: 'All other instances of anti-social behaviour can be reported to: By emailing'",2026-09-26
E06000040,Royal Borough of Windsor and Maidenhead,all,customer.service@rbwm.gov.uk,https://www.rbwm.gov.uk/apply-pay-report,page,GENERIC: customer service; catch-all fallback only,2026-09-26
E06000041,Wokingham Borough Council,missed_bin,customerservices@wokingham.gov.uk,https://www.wokingham.gov.uk/rubbish-and-recycling/bulky-waste,page,"GENERIC customer services; bulky waste page: 'To cancel, amend or report a missed collection, please email'",2026-09-26
E06000041,Wokingham Borough Council,all,customerservices@wokingham.gov.uk,https://www.wokingham.gov.uk/rubbish-and-recycling/bulky-waste,page,GENERIC: customer services; catch-all fallback only,2026-09-26
E06000042,Milton Keynes City Council,noise,ehnorth@milton-keynes.gov.uk,https://www.milton-keynes.gov.uk/environmental-health/noise-nuisance,page,Environmental Health contact block on noise nuisance page,2026-09-26
E06000042,Milton Keynes City Council,asb,safermk@milton-keynes.gov.uk,https://www.milton-keynes.gov.uk/community-safety,page,Community Safety Team contact block (medium to high level ASB),2026-09-26
E06000042,Milton Keynes City Council,group:roads,highways.liaison@milton-keynes.gov.uk,https://www.milton-keynes.gov.uk/dog-waste-bins-guidance-parish-councils,page,Highways contact listed on council guidance page,2026-09-26
E06000042,Milton Keynes City Council,group:waste,envservices@milton-keynes.gov.uk,https://www.milton-keynes.gov.uk/dog-waste-bins-guidance-parish-councils,page,Waste and recycling team contact listed on council guidance page,2026-09-26
E06000042,Milton Keynes City Council,fly_tipping,scu.enforcement@milton-keynes.gov.uk,https://www.milton-keynes.gov.uk/waste-and-recycling/environmental-crime/environmental-crime-unit,page,"Environmental Crime Unit: 'To provide information about those committing environmental crimes ... email'",2026-09-26
E06000042,Milton Keynes City Council,abandoned_vehicle,abandoned.vehicles@milton-keynes.gov.uk,https://www.milton-keynes.gov.uk/waste-and-recycling/report-or-request-it/report-abandoned-vehicle,page,Abandoned Vehicles contact block on report page,2026-09-26
E06000042,Milton Keynes City Council,all,customer.services@milton-keynes.gov.uk,https://www.milton-keynes.gov.uk/dog-waste-bins-guidance-parish-councils,page,GENERIC: Customer Services; catch-all fallback only,2026-09-26
E06000047,Durham County Council,group:waste,wasteaware@durham.gov.uk,https://www.durham.gov.uk/HelpingStudentsRecycle,page,Waste Management contact block,2026-09-26
E06000047,Durham County Council,all,help@durham.gov.uk,https://www.durham.gov.uk/FoodWasteResidents,page,GENERIC: Customer Services; catch-all fallback only,2026-09-26
E06000049,Cheshire East Council,asb,asbteam@cheshireeast.gov.uk,https://www.cheshireeast.gov.uk/environment/community_safety/anti-social_behaviour/anti-social_behaviour.aspx,page,"'Contact the Anti-Social Behaviour Team ... email' (voicemail-only phone)",2026-09-26
E06000049,Cheshire East Council,noise,environmentalprotection@cheshireeast.gov.uk,"https://www.cheshireeast.gov.uk/leisure,_culture_and_tourism/events-whats-on-guide/event_organisers/environmental-health/prevention_of_nuisance.aspx",page,Environmental Protection contact on nuisance guidance page,2026-09-26
E06000050,Cheshire West and Chester Council,group:roads,highways@cheshirewestandchester.gov.uk,https://www.cheshirewestandchester.gov.uk/residents/highways/apply-for-a-permit-or-licence/scaffolding-licence/make-an-application,page,Highways team address (published for licence questions),2026-09-26
E06000050,Cheshire West and Chester Council,all,enquiries@cheshirewestandchester.gov.uk,https://www.cheshirewestandchester.gov.uk/residents/contact-us/complaints-and-feedback/customer-feedback,page,GENERIC: council enquiries; catch-all fallback only,2026-09-26
E06000051,Shropshire Council,noise,environmental.protection@shropshire.gov.uk,https://next.shropshire.gov.uk/crime-and-anti-social-behaviour/anti-social-behaviour/,page,"ASB page: 'If you'd like to report concerns regarding noise nuisance please email'",2026-09-26
E06000051,Shropshire Council,group:waste,wastemanagement@shropshire.gov.uk,https://next.shropshire.gov.uk/recycling-and-rubbish/garden-waste-collections/information-for-new-and-existing-subscribers/,page,Waste management; published for garden bin delivery,2026-09-26
E06000051,Shropshire Council,missed_bin,customerfirst@shropshire.gov.uk,https://next.shropshire.gov.uk/recycling-and-rubbish/garden-waste-collections/information-for-new-and-existing-subscribers/terms-and-conditions/,page,"Garden waste T&Cs: 'missed collections must be reported within 48 hours ... by email to'",2026-09-26
E06000053,Council of the Isles of Scilly,group:roads,highways@scilly.gov.uk,https://scilly.gov.uk/environment-transport/highways,page,Highways (St Mary's) contact,2026-09-26
E06000053,Council of the Isles of Scilly,noise,environmentalhealth@scilly.gov.uk,https://scilly.gov.uk/business-licensing/environmental-health,page,Environmental Health contact,2026-09-26
E06000053,Council of the Isles of Scilly,all,enquiries@scilly.gov.uk,https://scilly.gov.uk/business-licensing/environmental-health,page,GENERIC: council enquiries in site footer; catch-all fallback only,2026-09-26
E06000055,Bedford Borough Council,group:roads,highways.helpdesk@bedford.gov.uk,https://www.bedford.gov.uk/parking-roads-and-travel/parking-bedford-borough/blue-badge-scheme/street-disabled-parking-bay-application,page,Highways Helpdesk (published for disabled bay forms),2026-09-26
E06000055,Bedford Borough Council,noise,ehadmin@bedford.gov.uk,https://www.bedford.gov.uk/environmental-issues/noise-nuisances-and-pollution/air-quality/air-quality-overview,page,Environmental Health admin (noise/nuisance/pollution section),2026-09-26
E06000056,Central Bedfordshire Council,noise,cset@centralbedfordshire.gov.uk,https://www.centralbedfordshire.gov.uk/environmental-issues/domestic-nuisance-noise-smoke-diy-nuisance/smoke-nuisance,page,"Domestic nuisance section: 'If you think a domestic bonfire is causing a nuisance ... email cset@'",2026-09-26
E06000056,Central Bedfordshire Council,asb,community.safety@centralbedfordshire.gov.uk,https://www.centralbedfordshire.gov.uk/community-safety/anti-social-behaviour/if-youre-not-happy-how-your-anti-social-behaviour-report-was,page,Community Safety Team contact block,2026-09-26
E06000057,Northumberland County Council,group:street_scene,highwaysandneighbourhoodservices@northumberland.gov.uk,https://www.northumberland.gov.uk/roads-and-streets/street-care-and-cleaning/community-litter-picking,page,Highways and Neighbourhood Services (street care) contact,2026-09-26
E06000057,Northumberland County Council,noise,public.protection@northumberland.gov.uk,https://www.northumberland.gov.uk/public-protection/environmental-health/food-standards/food-hygiene-rating-scheme,page,Public Protection (Environmental Health) department address,2026-09-26
E06000058,"Bournemouth, Christchurch and Poole Council",noise,environmental.protection@bcpcouncil.gov.uk,https://www.bcpcouncil.gov.uk/environment/nuisance-complaints/blocked-drains-and-sewers-on-private-property,page,"Environmental Protection (nuisance complaints section): 'you can report it to us by email to'",2026-09-26
E08000011,Knowsley Council,noise,environmentalhealth@knowsley.gov.uk,https://www.knowsley.gov.uk/environment/environmental-health/noise-complaints,page,Environmental Health; noise page says return completed noise log to this address,2026-09-26
E08000011,Knowsley Council,asb,safer.knowsley@knowsley.gov.uk,https://www.knowsley.gov.uk/environment/environmental-health/noise-complaints,page,"Noise page: 'Email safer.knowsley@knowsley.gov.uk for any general reports of Anti-Social Behaviour'",2026-09-26
E08000011,Knowsley Council,street_light,loiknowsley@enerveo.com,https://www.knowsley.gov.uk/streets-roads-and-transport/roads/street-lighting,page,"CONTRACTOR: Enerveo (street lighting); council page: 'Report a fault here or Email'",2026-09-26
E08000011,Knowsley Council,group:roads,highwaysenquiries@knowsley.gov.uk,https://www.knowsley.gov.uk/environment/environmental-health/public-events-and-street-parties/street-parties/apply-street-2,page,Highways enquiries (published for street party road closure forms),2026-09-26
E08000013,St Helens Borough Council,asb,communitysafety@sthelens.gov.uk,https://www.sthelens.gov.uk/article/13122/How-to-report-anti-social-behaviour,page,"How to report ASB: 'Community Safety Team Report via email to'",2026-09-26
E08000015,Wirral Council,asb,neighbour.nuisance@wirral.gov.uk,https://www.wirral.gov.uk/communities-and-neighbourhoods/anti-social-behaviour/report-anti-social-behaviour,page,"Report ASB page: 'You can also call ... or email'",2026-09-26
E08000015,Wirral Council,noise,environmentalhealth@wirral.gov.uk,https://www.wirral.gov.uk/environmental-problems/animal-welfare/report-animal-welfare-concern,page,Environmental Health general address,2026-09-26
E08000015,Wirral Council,group:waste,wasteandenvironment@wirral.gov.uk,https://www.wirral.gov.uk/bins-and-recycling/brown-garden-waste-bin,page,Waste and Environment team (published for garden waste arrangements),2026-09-26
E08000038,Barnsley Council,group:waste,wastemanagement@barnsley.gov.uk,https://www.barnsley.gov.uk/services/bins-rubbish-and-recycling/report-an-abandoned-bin/,page,"Report an abandoned bin page: 'If you need to tell us about this, email'",2026-09-26
E08000038,Barnsley Council,fly_tipping,safer@barnsley.gov.uk,https://www.barnsley.gov.uk/services/bins-rubbish-and-recycling/business-waste/business-waste-responsibilities/,page,Safer Barnsley (waste enforcement) address,2026-09-26
E08000018,Rotherham Council,group:roads,highwayassetschemes@rotherham.gov.uk,https://www.rotherham.gov.uk/roads-pavements/highways-maintenance-major-repair-schemes/11,page,Highway repair programme queries,2026-09-26
E08000027,Dudley Council,group:waste,waste.management@dudley.gov.uk,https://www.dudley.gov.uk/residents/my-bins/assisted-collections/assisted-collections-policy/,page,Waste management (published for assisted collection appeals),2026-09-26
E08000028,Sandwell Council,group:roads,highways@sandwell.gov.uk,https://www.sandwell.gov.uk/roads-travel-parking/gating-orders,page,Highways contact block,2026-09-26
E08000028,Sandwell Council,asb,community_safetyteam@sandwell.gov.uk,https://www.sandwell.gov.uk/community-safety/knife-angel,page,Community Safety Team address,2026-09-26
E08000029,Solihull Council,overflowing_litter_bin,connectcc@solihull.gov.uk,https://www.solihull.gov.uk/roads-pavements-and-streetcare/litter,page,"GENERIC Connect contact centre; litter page: 'repair of a litter or dog bin ... You can also call ... or email'",2026-09-26
E08000029,Solihull Council,all,connectcc@solihull.gov.uk,https://www.solihull.gov.uk/roads-pavements-and-streetcare/litter,page,GENERIC: Connect contact centre; catch-all fallback only,2026-09-26
E08000029,Solihull Council,group:roads,highwayservices@solihull.gov.uk,https://www.solihull.gov.uk/roads-pavements-and-streetcare/how-we-keep-our-roads-safe,page,Highway Services (published for SpeedVisor requests),2026-09-26
E08000029,Solihull Council,missed_bin,collections@solihull.gov.uk,https://www.solihull.gov.uk/rubbish-and-recycling/replacement-containers,page,Collections team (published for container requests),2026-09-26
E08000030,Walsall Council,asb,communityprotection@walsall.gov.uk,http://go.walsall.gov.uk/people-and-communities/policing-and-public-safety/anti-social-behaviour/ask-anti-social-behaviour,page,Community Protection contact block on ASB pages,2026-09-26
E08000030,Walsall Council,noise,communityprotection@walsall.gov.uk,http://go.walsall.gov.uk/roads-parking-and-travel/street-care-and-cleaning/contact-the-street-care-and-cleaning-teams,page,Community protection team (nuisance) on contact page,2026-09-26
E08000030,Walsall Council,group:waste,cleanandgreen@walsall.gov.uk,http://go.walsall.gov.uk/roads-parking-and-travel/street-care-and-cleaning/contact-the-street-care-and-cleaning-teams,page,Contact the street care and cleaning teams: Clean and Green general enquiries,2026-09-26
E08000031,City of Wolverhampton Council,asb,safer@wolverhampton.gov.uk,https://www.wolverhampton.gov.uk/community/off-road-vehicle-nuisance,page,"Wolverhampton Safety Partnership: 'to discuss concerns, please email'",2026-09-26
E08000031,City of Wolverhampton Council,noise,environmentalhealth@wolverhampton.gov.uk,https://www.wolverhampton.gov.uk/environment-and-climate/traveller-injunction/transit-sites/gorsebrook-road,page,Environmental Health general address,2026-09-26
E08000033,Calderdale Council,asb,community-safety@calderdale.gov.uk,https://www.calderdale.gov.uk/communities/crime-prevention/anti-social-behaviour,page,"ASB page: 'For these, please contact the ASB Unit: Email'",2026-09-26
E08000033,Calderdale Council,noise,environmental.health@calderdale.gov.uk,https://new.calderdale.gov.uk/business-services/pollution/air-quality/aqma-report,page,Environmental Health contact block,2026-09-26
E08000036,Wakefield Council,all,customerservices@wakefield.gov.uk,https://www.wakefield.gov.uk/anti-social-behaviour/report-a-noise-problem,page,GENERIC: customer services shown in Contact Us box (also on noise/bonfire pages); catch-all fallback only,2026-09-26
E08000036,Wakefield Council,asb,communitysafety@wakefield.gov.uk,https://www.wakefield.gov.uk/our-people-and-communities/community-safety/human-trafficking-and-modern-slavery,page,Community Safety Team (office hours),2026-09-26
E09000005,London Borough of Brent,asb,community.safety@brent.gov.uk,https://www.brent.gov.uk/nuisance-crime-and-community-safety,page,Community Safety team contact block,2026-09-26
E09000005,London Borough of Brent,group:roads,highways.management@brent.gov.uk,https://www.brent.gov.uk/parking-roads-and-travel/roads-and-streets/apply-for-a-road-closure,page,Highways management (published for traffic orders),2026-09-26
E06000043,Brighton and Hove City Council,abandoned_vehicle,abandoned.vehicles@brighton-hove.gov.uk,https://www.brighton-hove.gov.uk/parking-and-travel/road-safety-contacts,page,"Road safety contacts: 'Report an abandoned vehicle or bike'",2026-09-26
E06000043,Brighton and Hove City Council,asb,communitysafety.casework@brighton-hove.gov.uk,https://www.brighton-hove.gov.uk/community-safety-partnership/anti-social-behaviour-asb-and-hate-incidents/disability-hate-incidents,page,Community Safety casework team (ASB and hate incidents section),2026-09-26
E09000011,Royal Borough of Greenwich,overgrown_vegetation,envirocrime@royalgreenwich.gov.uk,https://www.royalgreenwich.gov.uk/community-safety-environment/report-nuisance/overgrown-garden/report,page,"Enviro Crime Team; overgrown garden report page: 'You can report this problem ... by sending an email to'",2026-09-26
E09000011,Royal Borough of Greenwich,fly_tipping,envirocrime@royalgreenwich.gov.uk,https://www.royalgreenwich.gov.uk/community-safety-environment/report-nuisance/overgrown-garden/report,page,Enviro Crime Team address (environmental crime),2026-09-26
E09000011,Royal Borough of Greenwich,asb,community-safety@royalgreenwich.gov.uk,https://www.royalgreenwich.gov.uk/parks-libraries-and-leisure/parks-and-open-spaces/report-enquire-or-give-feedback-about-park,page,"'If you're experiencing nuisance from motorbikes or mopeds in a park, contact Community Safety by emailing'",2026-09-26
E09000011,Royal Borough of Greenwich,all,contact.centre@royalgreenwich.gov.uk,https://www.royalgreenwich.gov.uk/contact-us,page,"GENERIC: contact-us page, listed for street cleaning / transport and highways 'if you're not sure who to speak to'; catch-all fallback only",2026-09-26
E09000013,London Borough of Hammersmith & Fulham,noise,noise@lbhf.gov.uk,https://www.lbhf.gov.uk/environment/noise-and-nuisance,page,Noise and nuisance page contact details,2026-09-26
E09000013,London Borough of Hammersmith & Fulham,asb,reportasb@lbhf.gov.uk,https://www.lbhf.gov.uk/crime/anti-social-behaviour,page,"ASB page: 'Online: Report ASB Phone: ... Email: ReportASB@'",2026-09-26
E09000013,London Borough of Hammersmith & Fulham,group:waste,cleaner.greener@lbhf.gov.uk,https://www.lbhf.gov.uk/business/commercial-waste/commercial-waste-bins,page,Cleaner Greener contact centre (street care/waste),2026-09-26
E09000013,London Borough of Hammersmith & Fulham,graffiti,cleaner.greener@lbhf.gov.uk,https://www.lbhf.gov.uk/business/commercial-waste/commercial-waste-bins,page,Cleaner Greener contact centre (street care/waste),2026-09-26
E09000013,London Borough of Hammersmith & Fulham,group:roads,highways_general@lbhf.gov.uk,https://www.lbhf.gov.uk/transport-and-roads/road-safety,page,"Road safety page: 'please email Highways_General@'",2026-09-26
E09000014,London Borough of Haringey,group:waste,enquiries.haringey@veolia.com,https://haringey.gov.uk/rubbish-recycling/contact-us-about-rubbish-recycling,page,"CONTRACTOR: Veolia (waste team); council 'Contact us about rubbish and recycling' page",2026-09-26
E09000015,London Borough of Harrow,group:roads,highways@harrow.gov.uk,https://www.harrow.gov.uk/map-report-flyp-back,page,Highways address (published for fly-posting permission),2026-09-26
E09000016,London Borough of Havering,asb,asb@havering.gov.uk,https://www.havering.gov.uk/ASB,page,"ASB page: 'You can report anti-social behaviour by emailing ASB@havering.gov.uk'",2026-09-26
E09000018,London Borough of Hounslow,missed_bin,customerservices@hounslow.gov.uk,https://www.hounslow.gov.uk/bulkywaste,page,"GENERIC customer services; bulky waste page: 'If a collection has been missed by the council, please report it by email'",2026-09-26
E09000018,London Borough of Hounslow,all,customerservices@hounslow.gov.uk,https://www.hounslow.gov.uk/bulkywaste,page,GENERIC: customer services; catch-all fallback only,2026-09-26
E09000018,London Borough of Hounslow,asb,community.safety@hounslow.gov.uk,https://www.hounslow.gov.uk/community-safety/making-hounslow-safe/2,page,Safer Communities Team (published for ASB case review forms),2026-09-26
E09000023,London Borough of Lewisham,fly_tipping,report.flytipper@lewisham.gov.uk,https://www.lewisham.gov.uk/myservices/environment/street-cleaning/flytipping/report-a-flytipper,page,"'Report a fly-tipper by email: Report.FlyTipper@'",2026-09-26
E09000023,London Borough of Lewisham,overgrown_vegetation,lewisham@glendale-services.co.uk,https://www.lewisham.gov.uk/myservices/roads-and-transport/roads-and-pavements/structures/grass-verges,page,"CONTRACTOR: Glendale Grounds Management; council page: 'to report problems with grass verges or email'",2026-09-26
E09000023,London Borough of Lewisham,noise,asb.statnuisance@lewisham.gov.uk,https://www.lewisham.gov.uk/inmyarea/publicsafety/antisocial-behaviour/multi-agency-risk-assessment-conference,page,Antisocial Behaviour and Statutory Nuisance team (page addresses it to practitioners),2026-09-26
E09000024,London Borough of Merton,asb,asbunit@merton.gov.uk,https://www.merton.gov.uk/communities-and-neighbourhoods/crime-prevention-and-community-safety/anti-social-behaviour/report-anti-social-behaviour,page,Report ASB page lists 'Email: ASBunit@',2026-09-26
E09000024,London Borough of Merton,fly_tipping,waste.enforcement@merton.gov.uk,https://www.merton.gov.uk/rubbish-and-recycling/litter-fly-tipping-and-street-cleaning/fly-tipping-witness-reward-scheme,page,Fly-tipping witness reward scheme: 'Email waste.enforcement@' (online report preferred),2026-09-26
E09000024,London Borough of Merton,group:roads,trafficandhighways@merton.gov.uk,https://www.merton.gov.uk/streets-parking-transport/streets-and-pavements/flooding/guidance/report,page,Traffic and Highways address,2026-09-26
E09000026,London Borough of Redbridge,graffiti,cleansing.services@redbridge.gov.uk,https://www.redbridge.gov.uk/bins-waste-and-recycling/dead-animals/,page,Cleansing Services (street cleansing) address,2026-09-26
E09000026,London Borough of Redbridge,overflowing_litter_bin,cleansing.services@redbridge.gov.uk,https://www.redbridge.gov.uk/bins-waste-and-recycling/dead-animals/,page,Cleansing Services (street cleansing) address,2026-09-26
E09000026,London Borough of Redbridge,dog_fouling,cleansing.services@redbridge.gov.uk,https://www.redbridge.gov.uk/bins-waste-and-recycling/dead-animals/,page,Cleansing Services (street cleansing) address,2026-09-26
E09000026,London Borough of Redbridge,group:roads,highways.general@redbridge.gov.uk,https://www.redbridge.gov.uk/roads-and-pavements/adopted-and-private-roads/,page,Highways general enquiries,2026-09-26
E09000029,London Borough of Sutton,graffiti,neighbourhoodservice@sutton.gov.uk,https://www.sutton.gov.uk/environment/report-street-cleaning-problems/graffiti,page,"Graffiti page: 'Email neighbourhoodservice@ to arrange an inspection' (private property removal)",2026-09-26
E09000029,London Borough of Sutton,asb,safersutton@sutton.gov.uk,https://www.sutton.gov.uk/community-safety/anti-social-behaviour/community-trigger,page,Safer Sutton Partnership (Community Trigger contact),2026-09-26
E06000018,Nottingham City Council,asb,reportasb@nottinghamcity.gov.uk,https://www.ncchousing.org.uk/section/anti-social-behaviour/,page,"Nottingham City Council Housing Services ASB page: 'email reportasb@nottinghamcity.gov.uk' (aimed at council tenants; main council ASB page has no email)",2026-09-26
